{
  "$schema": "https://schemas.wp.org/trunk/theme.json",
  "version": 2,
  "settings": {
    "layout": {
      "contentSize": "960px",
      "wideSize": "1200px"
    },
    "color": {
      "palette": [
        {
          "slug": "primary",
          "name": "Primary",
          "color": "#6f67f5"
        },
        {
          "slug": "accent",
          "name": "Accent",
          "color": "#f23fb3"
        },
        {
          "slug": "orange",
          "name": "Orange",
          "color": "#ff6a4a"
        },
        {
          "slug": "ink",
          "name": "Ink",
          "color": "#0f172a"
        },
        {
          "slug": "muted",
          "name": "Muted",
          "color": "#64748b"
        }
      ]
    },
    "typography": {
      "fontFamilies": [
        {
          "fontFamily": "Inter, system-ui, -apple-system, Segoe UI, Roboto, Helvetica, Arial, Apple Color Emoji, Segoe UI Emoji",
          "name": "Inter",
          "slug": "inter"
        }
      ],
      "fontSizes": [
        {
          "slug": "xs",
          "size": "12px",
          "name": "XS"
        },
        {
          "slug": "sm",
          "size": "14px",
          "name": "SM"
        },
        {
          "slug": "base",
          "size": "16px",
          "name": "Base"
        },
        {
          "slug": "lg",
          "size": "18px",
          "name": "LG"
        },
        {
          "slug": "xl",
          "size": "24px",
          "name": "XL"
        },
        {
          "slug": "2xl",
          "size": "32px",
          "name": "2XL"
        },
        {
          "slug": "3xl",
          "size": "40px",
          "name": "3XL"
        },
        {
          "slug": "4xl",
          "size": "56px",
          "name": "4XL"
        }
      ]
    },
    "spacing": {
      "spacingScale": {
        "steps": 8
      },
      "units": [
        "px",
        "em",
        "rem",
        "vh",
        "vw",
        "%"
      ]
    }
  },
  "styles": {
    "typography": {
      "fontFamily": "var(--wp--preset--font-family--inter)",
      "lineHeight": "1.6"
    },
    "elements": {
      "heading": {
        "typography": {
          "fontWeight": "700",
          "lineHeight": "1.2",
          "letterSpacing": "-0.01em"
        }
      }
    },
    "blocks": {
      "core/button": {
        "border": {
          "radius": "999px"
        },
        "spacing": {
          "padding": {
            "top": "12px",
            "right": "18px",
            "bottom": "12px",
            "left": "18px"
          }
        }
      }
    }
  },
  "customTemplates": [
    {
      "name": "case-study",
      "title": "Case Study",
      "postTypes": [
        "project"
      ]
    }
  ]
}